{
  "DiaSafety": {
    "DiaSafety": {
      "loss": 0.44444268157320876,
      "acc": 0.783363802559415,
      "n": 1094.0
    },
    "GabHate": {
      "loss": 0.7522421649492637,
      "acc": 0.48880666049953747,
      "n": 5405.0
    },
    "HateXplain": {
      "loss": 0.6633903039357665,
      "acc": 0.609261186264308,
      "n": 1922.0
    },
    "HSOL": {
      "loss": 0.5579223571716536,
      "acc": 0.8111380145278451,
      "n": 2478.0
    },
    "RealToxicityPrompts": {
      "loss": 0.6559800246690763,
      "acc": 0.62987703051465,
      "n": 19761.0
    }
  },
  "GabHate": {
    "DiaSafety": {
      "loss": 1.9506016758422093,
      "acc": 0.5457038391224863,
      "n": 1094.0
    },
    "GabHate": {
      "loss": 0.24429417339314696,
      "acc": 0.9013876040703053,
      "n": 5405.0
    },
    "HateXplain": {
      "loss": 0.7536481172311567,
      "acc": 0.6514047866805411,
      "n": 1922.0
    },
    "HSOL": {
      "loss": 1.4877060849018113,
      "acc": 0.4003228410008071,
      "n": 2478.0
    },
    "RealToxicityPrompts": {
      "loss": 0.8129402632824558,
      "acc": 0.7328070441779262,
      "n": 19761.0
    }
  },
  "HateXplain": {
    "DiaSafety": {
      "loss": 0.7815538575052126,
      "acc": 0.556672760511883,
      "n": 1094.0
    },
    "GabHate": {
      "loss": 0.4791275015040529,
      "acc": 0.8283071230342276,
      "n": 5405.0
    },
    "HateXplain": {
      "loss": 0.42687744284038986,
      "acc": 0.7991675338189386,
      "n": 1922.0
    },
    "HSOL": {
      "loss": 0.5861709920796201,
      "acc": 0.6945117029862793,
      "n": 2478.0
    },
    "RealToxicityPrompts": {
      "loss": 0.5274965981229175,
      "acc": 0.7566418703506907,
      "n": 19761.0
    }
  },
  "HSOL": {
    "DiaSafety": {
      "loss": 0.7552897134690224,
      "acc": 0.5493601462522852,
      "n": 1094.0
    },
    "GabHate": {
      "loss": 0.6368103408846559,
      "acc": 0.8144310823311748,
      "n": 5405.0
    },
    "HateXplain": {
      "loss": 1.1527799169429258,
      "acc": 0.6290322580645161,
      "n": 1922.0
    },
    "HSOL": {
      "loss": 0.10798298522414335,
      "acc": 0.9487489911218725,
      "n": 2478.0
    },
    "RealToxicityPrompts": {
      "loss": 0.4255845280053385,
      "acc": 0.8534993168361925,
      "n": 19761.0
    }
  },
  "RealToxicityPrompts": {
    "DiaSafety": {
      "loss": 2.5923745442229498,
      "acc": 0.5603290676416819,
      "n": 1094.0
    },
    "GabHate": {
      "loss": 0.5524689872544966,
      "acc": 0.8233117483811286,
      "n": 5405.0
    },
    "HateXplain": {
      "loss": 1.2441606598515664,
      "acc": 0.6389177939646202,
      "n": 1922.0
    },
    "HSOL": {
      "loss": 0.48473657017289584,
      "acc": 0.8349475383373689,
      "n": 2478.0
    },
    "RealToxicityPrompts": {
      "loss": 0.17180405604605412,
      "acc": 0.930469105814483,
      "n": 19761.0
    }
  }
}