{
  "DiaSafety": {
    "DiaSafety": {
      "loss": 0.443221311682539,
      "acc": 0.7751371115173674,
      "n": 1094.0
    },
    "GabHate": {
      "loss": 0.5836228700835433,
      "acc": 0.6993524514338575,
      "n": 5405.0
    },
    "HateXplain": {
      "loss": 0.6911494015220797,
      "acc": 0.5697190426638917,
      "n": 1922.0
    },
    "HSOL": {
      "loss": 0.6352428186315023,
      "acc": 0.6614205004035513,
      "n": 2478.0
    },
    "RealToxicityPrompts": {
      "loss": 0.5876028897109455,
      "acc": 0.6997621577855372,
      "n": 19761.0
    }
  },
  "GabHate": {
    "DiaSafety": {
      "loss": 2.1964212354865107,
      "acc": 0.5457038391224863,
      "n": 1094.0
    },
    "GabHate": {
      "loss": 0.2503168126645737,
      "acc": 0.8954671600370028,
      "n": 5405.0
    },
    "HateXplain": {
      "loss": 0.7346523219911415,
      "acc": 0.6722164412070759,
      "n": 1922.0
    },
    "HSOL": {
      "loss": 0.8639800851387397,
      "acc": 0.7098466505246166,
      "n": 2478.0
    },
    "RealToxicityPrompts": {
      "loss": 0.63668058892625,
      "acc": 0.7630686706138353,
      "n": 19761.0
    }
  },
  "HateXplain": {
    "DiaSafety": {
      "loss": 0.9339649396688019,
      "acc": 0.553016453382084,
      "n": 1094.0
    },
    "GabHate": {
      "loss": 0.4388804555821485,
      "acc": 0.8183163737280296,
      "n": 5405.0
    },
    "HateXplain": {
      "loss": 0.46128071821318956,
      "acc": 0.7809573361082206,
      "n": 1922.0
    },
    "HSOL": {
      "loss": 0.6544089209080897,
      "acc": 0.612590799031477,
      "n": 2478.0
    },
    "RealToxicityPrompts": {
      "loss": 0.5138314296664644,
      "acc": 0.7448509690805121,
      "n": 19761.0
    }
  },
  "HSOL": {
    "DiaSafety": {
      "loss": 0.8873323238909353,
      "acc": 0.5557586837294333,
      "n": 1094.0
    },
    "GabHate": {
      "loss": 0.6887096206916912,
      "acc": 0.720259019426457,
      "n": 5405.0
    },
    "HateXplain": {
      "loss": 1.1799346280519722,
      "acc": 0.6248699271592092,
      "n": 1922.0
    },
    "HSOL": {
      "loss": 0.12024167432924064,
      "acc": 0.9426957223567393,
      "n": 2478.0
    },
    "RealToxicityPrompts": {
      "loss": 0.448486878833792,
      "acc": 0.8183290319315825,
      "n": 19761.0
    }
  },
  "RealToxicityPrompts": {
    "DiaSafety": {
      "loss": 2.2158828945438866,
      "acc": 0.5502742230347349,
      "n": 1094.0
    },
    "GabHate": {
      "loss": 0.5384239163363455,
      "acc": 0.8333024976873266,
      "n": 5405.0
    },
    "HateXplain": {
      "loss": 1.2077497527949148,
      "acc": 0.6420395421436004,
      "n": 1922.0
    },
    "HSOL": {
      "loss": 0.40975719832539365,
      "acc": 0.8272800645682001,
      "n": 2478.0
    },
    "RealToxicityPrompts": {
      "loss": 0.1961734497928256,
      "acc": 0.9192348565356004,
      "n": 19761.0
    }
  }
}